word,word_count,antonyms
have,4,lack
get,3,end
more,4,less
take,4,give
look,4,back
back,4,veer
work,4,idle
right,5,wrong
new,3,old
find,4,lose
give,4,take
good,4,evil
show,4,hide
home,4,away
leave,5,enter
old,3,new
keep,4,lose
move,4,"rest,stay"
head,4,"foot,rear,tail"
away,4,home
face,4,back
live,4,dead
small,5,large
open,4,"fold,shut"
large,5,small
love,4,hate
black,5,white
mother,6,father
best,4,evil
better,6,worsen
stand,5,yield
sit,3,lie
father,6,mother
less,4,more
later,5,early
hard,4,"easy,soft"
light,5,heavy
fall,4,rise
lose,4,"find,gain,keep"
include,7,exclude
level,5,raise
walk,4,ride
white,5,black
figure,6,ground
foot,4,head
pass,4,fail
stay,4,move
major,5,minor
military,8,civilian
death,5,birth
increase,8,decrease
former,6,latter
remain,6,change
south,5,north
pull,4,push
require,7,obviate
raise,5,"level,lower"
north,5,south
outside,7,indoors
fire,4,hire
federal,7,unitary
ground,6,figure
full,4,"thin,wane"
activity,8,inaction
attack,6,defend
west,4,east
rise,4,"fall,wane"
above,5,below
white,5,black
wrong,5,right
draw,4,push
single,6,"common,double"
lie,3,sit
push,4,pull
defense,7,"offence,offense"
east,4,west
dead,4,live
involve,7,obviate
represent,9,prosecute
reduce,6,expand
demand,6,supply
poor,4,rich
similar,7,unalike
forward,7,reverse
lay,3,sit
success,7,failure
lack,4,have
release,7,confine
serious,7,playful
meeting,7,diverge
loss,4,gain
accept,6,"refuse,reject"
fast,4,slow
miss,4,have
heat,4,cool
fail,4,pass
ride,4,walk
notice,6,ignore
gain,4,"lose,loss"
senior,6,junior
clean,5,dirty
employee,8,employer
below,5,above
bear,4,bull
positive,8,negative
heavy,5,light
slow,4,fast
cool,4,"heat,warm"
supply,6,"demand,recall"
fresh,5,"salty,stale"
majority,8,minority
warm,4,cool
recall,6,forget
western,7,eastern
rich,4,"lean,poor"
lady,4,Lord
southern,8,northern
safety,6,danger
lift,4,fall
spread,6,gather
dry,3,wet
hide,4,show
double,6,single
lean,4,rich
refuse,6,accept
wild,4,tame
bright,6,dimmed
strength,8,weakness
fair,4,foul
correct,7,falsify
hate,4,love
quiet,5,"noisy,sound"
competition,11,cooperation
failure,7,success
negative,8,positive
soft,4,"hard,loud"
gather,6,spread
survive,7,succumb
historical,10,synchronic
advance,7,"regress,retreat"
ignore,6,notice
shut,4,open
commit,6,divest
clothes,7,undress
background,10,foreground
sweet,5,salty
hire,4,fire
thin,4,"full,gain"
united,6,divide
birth,5,death
eastern,7,western
minority,8,majority
urban,5,rural
software,8,hardware
relative,8,absolute
northern,8,southern
bomb,4,pass
danger,6,safety
internal,8,external
permit,6,forbid
sick,4,well
appreciate,10,depreciate
tight,5,"leaky,loose"
defend,6,attack
requirement,11,inessential
essential,9,adjective
busy,4,idle
rose,4,"fall,wane"
confidence,10,diffidence
increased,9,decreased
strip,5,dress
rural,5,urban
opening,7,closing
invest,6,divest
civilian,8,military
yield,5,stand
loud,4,soft
reject,6,accept
succeed,7,precede
lower,5,raise
plain,5,"cheer,fancy"
wet,3,dry
consistent,10,incoherent
split,5,unite
junior,6,senior
maximum,7,"minimal,minimum"
evil,4,good
lord,4,Lady
interior,8,exterior
miss,4,have
running,7,passing
employer,8,employee
retire,6,get_up
pro,3,con
increasing,10,decreasing
minor,5,major
attach,6,detach
sponsor,7,boycott
radical,7,cauline
heavily,7,lightly
highlight,9,play_down
minimum,7,"maximal,maximum"
rear,4,head
swim,4,sink
inner,5,outer
quietly,7,noisily
loose,5,tight
specialist,10,generalist
export,6,import
quit,4,stay
reverse,7,"forward,obverse"
drawing,7,deposit
concrete,8,abstract
decrease,8,increase
precisely,9,inexactly
fold,4,open
cooperation,11,competition
stranger,8,familiar
latter,6,former
offense,7,"defence,defense"
external,8,internal
broken,6,repair
fault,5,merit
lost,4,"find,gain,keep"
unlikely,8,probable
dirty,5,clean
hurry,5,delay
defensive,9,offensive
extensive,9,intensive
offensive,9,defensive
bull,4,bear
relax,5,tense
tail,4,head
partly,6,wholly
superior,8,"adscript,inferior"
confident,9,diffident
import,6,export
consume,7,abstain
retreat,7,advance
subsequent,10,antecedent
explode,7,implode
absolute,8,relative
temporary,9,permanent
inflation,9,deflation
operating,9,disengage
lightly,7,"heavily,thickly"
passing,7,"be_born,failing,running"
integrate,9,segregate
defendant,9,plaintiff
persuade,8,dissuade
piano,5,forte
integration,11,segregation
shame,5,honor
exclude,7,include
drunk,5,sober
driving,7,attract
abstract,8,concrete
weakness,8,strength
oral,4,anal
retired,7,advance
maximum,7,"minimal,minimum"
complexity,10,simplicity
outer,5,inner
exclusive,9,inclusive
softly,6,loudly
relieve,7,enforce
hawk,4,dove
dynamic,7,stative
vanish,6,appear
curse,5,bless
brave,5,timid
fancy,5,plain
minimize,8,"maximise,maximize"
identical,9,fraternal
sack,4,hire
associated,10,dissociate
hardware,8,software
diminish,8,increase
shrink,6,expand
con,3,pro
specialize,10,generalize
closing,7,opening
bless,5,curse
incredibly,10,believably
minimal,7,"maximal,maximum"
vertical,8,inclined
appreciation,12,depreciation
fixed,5,break
upgrade,7,descent
cease,5,begin
fatigue,7,refresh
tense,5,relax
closest,7,distant
dying,5,birth
integrated,10,segregated
explicit,8,implicit
fraction,8,multiply
deliberately,12,accidentally
western,7,eastern
plaintiff,9,defendant
soften,6,harden
forbid,6,permit
slim,4,gain
intensive,9,extensive
explicitly,10,implicitly
accelerate,10,decelerate
making,6,unmake
spotlight,9,play_down
foul,4,fair
goodness,8,evilness
inclusion,9,exclusion
bound,5,untie
ending,6,middle
temporarily,11,permanently
linear,6,planar
clarity,7,opacity
excite,6,stifle
upright,7,unerect
loudly,6,softly
affirm,6,negate
offset,6,middle
precede,7,succeed
erect,5,level
inclined,8,vertical
maximize,8,"minimise,minimize"
blonde,6,brunet
permanently,11,temporarily
varying,7,conform
failed,6,manage
conductor,9,insulator
matching,8,disagree
reduced,7,"blow_up,oxidise,oxidize"
imperative,10,beseeching
aurora,6,sunset
fairness,8,inequity
exclusion,9,inclusion
downward,8,upwardly
garment,7,undress
relaxed,7,stiffen
default,7,payment
exterior,8,interior
satisfying,10,dissatisfy
freezing,8,unfreeze
idle,4,"busy,work"
exaggerate,10,understate
implicit,8,explicit
marked,6,ignore
cleaner,7,unclean
expire,6,inhale
noisy,5,quiet
functioning,11,malfunction
subordinate,11,independent
undo,4,"make,wrap"
expanded,8,contract
respected,9,disesteem
inhale,6,exhale
tangle,6,unknot
dove,4,hawk
delighted,9,displease
maternal,8,paternal
distort,7,untwist
intrinsic,9,extrinsic
clearing,8,overcast
wholly,6,partly
incoming,8,outgoing
conform,7,deviate
certified,9,decertify
brave,5,timid
premature,9,full-term
simplicity,10,"complexity,difficulty"
withstand,9,surrender
benign,6,malign
refrain,7,consume
accidentally,12,deliberately
deepest,7,shallow
energetic,9,lethargic
inferior,8,"adscript,superior"
honorable,9,dishonest
segregation,11,integration
arouse,6,sedate
preventive,10,permissive
imitation,9,formalism
raised,6,demote
systematically,14,inconsistently
interstate,10,intrastate
cautiously,10,carelessly
worrying,8,reassure
flatten,7,sharpen
uprising,8,"lie_down,sit_down"
sickness,8,wellness
fertile,7,sterile
unexpectedly,12,deliberately
softball,8,hardball
brighten,8,overcast
superiority,11,"inferiority,low_quality"
delete,6,record
fallen,6,ascend
acceleration,12,deceleration
tame,4,wild
inaugural,9,exaugural
outset,6,middle
twisted,7,untwist
inclusive,9,exclusive
racing,6,linger
succumb,7,survive
harden,6,soften
slug,4,work
generosity,10,stinginess
packed,6,unpack
indoors,7,outside
fair,4,foul
foreground,10,background
evergreen,9,deciduous
backing,7,advance
flora,5,fauna
sharpen,7,flatten
interstate,10,intrastate
classified,10,declassify
degrade,7,aggrade
worsen,6,better
soothing,8,irritate
stuffed,7,unstuff
influx,6,efflux
veer,4,back
losing,6,profit
persuasive,10,dissuasive
internally,10,externally
apparel,7,undress
invasive,8,confined
restricted,10,derestrict
taking,6,refuse
inflate,7,deflate
outgoing,8,incoming
salty,5,fresh
unsafe,6,secure
covered,7,uncover
advancing,9,fall_back
implicitly,10,explicitly
tangled,7,"unravel,unsnarl"
persuasion,10,dissuasion
dryer,5,sweet
receptor,8,effector
sterile,7,fertile
hasten,6,linger
failing,7,"passing,succeed"
ordinarily,10,remarkably
darkened,8,brighten
licensing,9,decertify
wiring,6,unwire
fell,4,rise
stale,5,fresh
rounded,7,angular
flatter,7,natural
angular,7,rounded
patriarchal,11,matriarchal
locked,6,unlock
old,3,new
stimulating,11,"de-energise,de-energize"
concentrated,12,"decentralise,decentralize"
folded,6,unfold
waive,5,claim
understandably,14,unintelligibly
detach,6,attach
blocking,8,"remember,unfreeze"
sealed,6,unseal
mini,4,"maxi,midi"
